page_url,tags,type,large_image_url,preview_url
https://pixabay.com/photos/mountains-village-trees-hills-615428/,"mountains, village, trees",photo,https://pixabay.com/get/g88c160721e59d0a7f57a477985f4b133c026a2cea9d4062f916d4b1e0ebcdcb0b8e8095783dc3503b3b44ecffaf612d5b873f46988473612e0436746aacace7d_1280.jpg,https://cdn.pixabay.com/photo/2015/01/28/23/34/mountains-615428_150.jpg
https://pixabay.com/photos/hills-trees-fog-morning-fog-foggy-615429/,"hills, trees, fog",photo,https://pixabay.com/get/g8880460c4148d817ebffbf05558b5c6c59c1445a3309d5d7ac86d18f9bd7fe184b6634daa1feba5cb9147a6a1c89642683d02be8f35c9793ac97b96f274ecbb4_1280.jpg,https://cdn.pixabay.com/photo/2015/01/28/23/35/hills-615429_150.jpg
https://pixabay.com/photos/field-valley-landscape-countryside-176602/,"field, valley, landscape",photo,https://pixabay.com/get/g0173aa8b302340988cf6ff139ecefe0cd4e69a79e7f804c4691987a32840140442ea34980e44c90016d4c97bbb4728900ca09963289de2625dd61806a7fc07c5_1280.jpg,https://cdn.pixabay.com/photo/2013/08/28/00/54/field-176602_150.jpg
https://pixabay.com/photos/hallstatt-austria-mountain-lake-3609863/,"hallstatt, austria, mountain lake",photo,https://pixabay.com/get/g38054140810ba20b08cd43b9f10a42bf35d46a058f6706d7a04554b6551646c61a5a9645612fb243e3d69034d42f149330a6afbb780245bc2caae8838ac6d744_1280.jpg,https://cdn.pixabay.com/photo/2018/08/16/08/39/hallstatt-3609863_150.jpg
https://pixabay.com/illustrations/house-countryside-architecture-163526/,"house, countryside, architecture",illustration,https://pixabay.com/get/gdb26617d1b34d17c96488add48ccf975e04dcef0bbd0773bccf50f97b456160f49841bf9ea0b628365fba5614d52a8630d017309c43d6305c3ab7ff2a351fade_1280.jpg,https://cdn.pixabay.com/photo/2013/07/18/10/56/house-163526_150.jpg
https://pixabay.com/photos/village-sunlight-fields-town-2090495/,"village, sunlight, fields",photo,https://pixabay.com/get/g149c693e4388138fdb5a57c6b43575a0b4fa5e2e43b6f76850832f0425e98780c2b8002dcc6144f65e02bac099cec267c3c995da0323793491d96d390980dabf_1280.jpg,https://cdn.pixabay.com/photo/2017/02/22/20/02/village-2090495_150.jpg
https://pixabay.com/photos/castelmezzano-town-illuminated-1979546/,"castelmezzano, town, illuminated",photo,https://pixabay.com/get/g146b4f4a652bec9c657365a936d58ee05d0d739e530daf87af2814b5f28f48e624f10d2651b42bc924e8bc5538f679bef4c445be272c27d5395b132170ad3b1c_1280.jpg,https://cdn.pixabay.com/photo/2017/01/14/13/59/castelmezzano-1979546_150.jpg
https://pixabay.com/photos/chickens-birds-poultry-rooster-hen-2522623/,"chickens, birds, poultry",photo,https://pixabay.com/get/ga10fd65353f69510c33ec603b57278f19f673e47d9f4c8ebf06ecdef68810f92682bd2a7eb14a7147aae6b975ea67e05fb35daae0ec57ef56f4b4cd99cfcb5b1_1280.jpg,https://cdn.pixabay.com/photo/2017/07/20/15/21/chickens-2522623_150.jpg
https://pixabay.com/photos/man-fisherman-village-rural-489744/,"man, fisherman, village",photo,https://pixabay.com/get/gf898403ccffc4067acc8064befb49be9aad0c23b55cc79a6a1f462b310d00e49b6da5c7ba37659acc9aa4ef4bfe868d3508c4fa310120aa93632b55903fae1f4_1280.jpg,https://cdn.pixabay.com/photo/2014/10/15/15/14/man-489744_150.jpg
https://pixabay.com/photos/village-sea-coast-coastline-279013/,"village, sea, coast",photo,https://pixabay.com/get/g246abdf52565b5055ce805ab80d3d62161a41642b6dd26e265bd66b5452df471869c02acb23c78e7c3969d8be17454ecc30f1849f1545c649033014b33a7f263_1280.jpg,https://cdn.pixabay.com/photo/2014/03/03/16/12/village-279013_150.jpg
https://pixabay.com/photos/montestrutto-snow-piemonte-italy-190471/,"montestrutto, nature, snow",photo,https://pixabay.com/get/gfe6811fe3b2f5a1c2385af430b7de20a327954ef037d044952e8c5610b097400f749d52ecb7d014bb3087c7304e089571e5e0a271cbcbe8348c68a4615c7de6e_1280.jpg,https://cdn.pixabay.com/photo/2013/10/03/23/05/montestrutto-190471_150.jpg
https://pixabay.com/photos/santorini-greece-buildings-houses-416136/,"santorini, greece, buildings",photo,https://pixabay.com/get/gc77dd9a4471d3eaa581edf7db5caf9bcaa54d9641537385957fb1462faf661f24cbd5d82e1a34da06d13c3da0be0a693c7931f2674a528ac34d461f8b893d5ca_1280.jpg,https://cdn.pixabay.com/photo/2014/08/12/00/01/santorini-416136_150.jpg
https://pixabay.com/photos/house-green-grass-iceland-village-4811590/,"house, green, grass",photo,https://pixabay.com/get/gc8f3079cc3f7409dbf0ffa46651d9e60ebe28e602570d365fadc3a3af5ca59160034cf7b7b861fdc5fc898fd21bf2bdaf7c00af40c2361f8d7b8d00d8afc8af7_1280.jpg,https://cdn.pixabay.com/photo/2020/02/01/22/10/house-4811590_150.jpg
https://pixabay.com/photos/morocco-city-historic-village-clay-2349647/,"morocco, city, historic",photo,https://pixabay.com/get/gcefb540a05b3c398820f9404ad883a6694defeb97d48e79d052bf9a5dddf888ae1fb5dd3556d63b8c3d3fed4c7b056bf1fecb00fd1f6d0dfd84526716957adcf_1280.jpg,https://cdn.pixabay.com/photo/2017/05/27/22/33/morocco-2349647_150.jpg
https://pixabay.com/photos/hallstatt-lake-village-tourism-8357170/,"hallstatt, lake, village",photo,https://pixabay.com/get/g4919b586dc3aa0ffd893dbe75481525ec7fe6b762493bcf9b3651a6abd5a1a2aa8c7798ed4d3614dc96d6fa2c6e49e40e32c64502b4e1e5931f7000fba5e5205_1280.jpg,https://cdn.pixabay.com/photo/2023/11/01/11/12/hallstatt-8357170_150.jpg
https://pixabay.com/photos/houses-cliff-sea-italy-4093227/,"houses, cliff, sea",photo,https://pixabay.com/get/gd8704df5f759c511016c4ad07a51ed511bc03acf66ed7aa6156977df7f971a7408df2b94b0ae217b592426e4ed781630c4991a409998db789733ab688ebe3394_1280.jpg,https://cdn.pixabay.com/photo/2019/03/31/14/31/houses-4093227_150.jpg
https://pixabay.com/vectors/wintry-house-tree-winter-snow-2915190/,"wintry, nature, house",vector/ai,https://pixabay.com/get/g5d5c5cf9d78aa5e1cc91606dece5008cdfcbe926f268dc02a6edda05a22f4072f6977b501424a45eea688f36bc8dc9f5e80e360fc97ad36440b3b90ce3535893_1280.png,https://cdn.pixabay.com/photo/2017/11/03/18/27/wintry-2915190_150.png
https://pixabay.com/photos/field-mountains-rural-village-5561687/,"field, mountains, rural",photo,https://pixabay.com/get/gf63b9060a8edb80e4b2ff46856c92bfa4daef898e96fa41b542b4bb95a5e9825e77d8d58f21ba09b5745e00d08a31ead53b60667ca1f85d52b89dbd11a66f784_1280.jpg,https://cdn.pixabay.com/photo/2020/09/11/00/11/field-5561687_150.jpg
https://pixabay.com/photos/stream-mountain-village-houses-5429113/,"stream, nature, mountain",photo,https://pixabay.com/get/g636e8d2d48b3f0870e5596146d6a25085d70b640173107efab64acac0f292faed42778c8a64266d6c2f2886937d0bf467d83ad4793e52a696da21af8cd8d789c_1280.jpg,https://cdn.pixabay.com/photo/2020/07/22/15/04/stream-5429113_150.jpg
https://pixabay.com/photos/shirakawa-go-traditional-japan-gifu-3968395/,"shirakawa-go, traditional, japan",photo,https://pixabay.com/get/g3d07cd2fa18b375ec3e040edb5bd869f00a25f7c76ba684c3e2a60e0c54241b92cd7a67f850a7eb9b02904da80329234400285ecfea8d6b8cbbe89219b70245f_1280.jpg,https://cdn.pixabay.com/photo/2019/02/01/04/53/shirakawa-go-3968395_150.jpg
